<?xml version="1.0"?>
<extension key="com.aghstrategies.creatememberrelationships" type="module">
  <file>creatememberrelationships</file>
  <name>Create Membership Relationships</name>
  <description>Connect memberships to primary memberships through creating a relationship</description>
  <license>agpl</license>
  <maintainer>
    <author>Maggie Epps</author>
    <email>maggie@aghstrategies.com</email>
  </maintainer>
  <releaseDate>2013-11-29</releaseDate>
  <version>1.0</version>
  <develStage>alpha</develStage>
  <compatibility>
    <ver>4.4</ver>
  </compatibility>
  <civix>
    <namespace>CRM/Creatememberrelationships</namespace>
  </civix>
</extension>
